kind,address,city,state,zip,subdivision,prop_type,prop_subtype,year_built,acres,lot_sf,finished_sf,beds,baths,list_price,sold_price,sold_date,list_date,date_added,status,query_status,listing_id,source_url,source,effective_price,effective_date,price_per_lot_sf
land,513 S 10th Avenue,Edinburg,TX,78539,Edinburg Original Townsite,Commercial Sale,Commercial,1986,0.115,5001,1232,,0,235000,,1/02/2026,,2025-11-07T13:41:05+00:00,Closed,sold,486386,https://juanjoseelizondo.idxbroker.com/idx/details/listing/d337/486386/513-S-10th-Avenue-Edinburg-TX?widgetReferer=true,IDX-juanjoseelizondo,235000,1/02/2026,46.99
land,224 E University Drive,Edinburg,TX,78539,Edinburg Original Townsite,Commercial Sale,Commercial,1938,0.082,3550,3356,,0,370000,,5/29/2025,,2023-03-31T23:10:52+00:00,Closed,sold,386090,https://juanjoseelizondo.idxbroker.com/idx/details/listing/d337/386090/224-E-University-Drive-Edinburg-TX?widgetReferer=true,IDX-juanjoseelizondo,370000,5/29/2025,104.23
land,201 E University Drive,Edinburg,TX,78539,Edinburg Original Townsite,Commercial Sale,Commercial,1977,0.103,4500,4422,,0,500000,,1/27/2025,,2024-11-28T01:17:55+00:00,Closed,sold,455553,https://juanjoseelizondo.idxbroker.com/idx/details/listing/d337/455553/201-E-University-Drive-Edinburg-TX?widgetReferer=true,IDX-juanjoseelizondo,500000,1/27/2025,111.11
land,510 E University Drive,Edinburg,TX,78539,Edinburg Original Townsite,Commercial Sale,Commercial,1980,0.082,3550,2364,,0,160000,,9/19/2023,,2023-03-20T00:00:00+00:00,Closed,sold,400219,https://juanjoseelizondo.idxbroker.com/idx/details/listing/d337/400219/510-E-University-Drive-Edinburg-TX?widgetReferer=true,IDX-juanjoseelizondo,160000,9/19/2023,45.07
land,506 Closner Boulevard,Edinburg,TX,78539,Alhambra Plaza Condos,Commercial Sale,Commercial,2002,0.09,3919,2000,,0,299000,,,,2025-09-04T22:38:51+00:00,Active,active,480127,https://juanjoseelizondo.idxbroker.com/idx/details/listing/d337/480127/506-Closner-Boulevard-Edinburg-TX?widgetReferer=true,IDX-juanjoseelizondo,299000,2025-09-04,76.29
land,524 S Closner Boulevard,Edinburg,TX,78539,Alhambra Plaza Condos,Commercial Sale,Commercial,2002,0.09,3919,2000,,0,279000,,,,2025-09-04T21:40:11+00:00,Active,active,480124,https://juanjoseelizondo.idxbroker.com/idx/details/listing/d337/480124/524-S-Closner-Boulevard-Edinburg-TX?widgetReferer=true,IDX-juanjoseelizondo,279000,2025-09-04,71.19
land,526 S Closner Boulevard B,Edinburg,TX,78539,Alhambra Plaza Condos,Commercial Sale,Commercial,2002,0.09,3919,2000,,0,279000,,,,2025-09-04T16:37:14+00:00,Active,active,480068,https://juanjoseelizondo.idxbroker.com/idx/details/listing/d337/480068/526-S-Closner-Boulevard-B-Edinburg-TX?widgetReferer=true,IDX-juanjoseelizondo,279000,2025-09-04,71.19
land,"506 S Closner Boulevard 506, 524, 526B",Edinburg,TX,78539,Alhambra Plaza Condos,Commercial Sale,Commercial,2002,0.09,3919,6000,,0,825000,,,,2025-09-04T13:37:33+00:00,Active,active,480039,https://juanjoseelizondo.idxbroker.com/idx/details/listing/d337/480039/506-S-Closner-Boulevard-506-524-526B-Edinburg-TX?widgetReferer=true,IDX-juanjoseelizondo,825000,2025-09-04,210.51
land,2505 Cornerstone Boulevard,Edinburg,TX,78539,Cornerstone Medical Park,Commercial Sale,Commercial,1997,0.083,3599,2337,,0,365000,,,,2025-07-18T15:34:43+00:00,Active,active,476174,https://juanjoseelizondo.idxbroker.com/idx/details/listing/d337/476174/2505-Cornerstone-Boulevard-Edinburg-TX?widgetReferer=true,IDX-juanjoseelizondo,365000,2025-07-18,101.42
land,2401 Cornerstone Boulevard,Edinburg,TX,78539,Cornerstone Medical Park,Commercial Sale,Commercial,2007,0.11,4799,4800,,0,899000,,,,2025-04-30T17:19:15+00:00,Pending,active,470103,https://juanjoseelizondo.idxbroker.com/idx/details/listing/d337/470103/2401-Cornerstone-Boulevard-Edinburg-TX?widgetReferer=true,IDX-juanjoseelizondo,899000,2025-04-30,187.33
land,2508 Buddy Owens Avenue,McAllen,TX,78504,Hacienda Plaza Condominiums,Commercial Sale,Commercial,2005,0.056,2451,1300,,0,220000,,3/21/2025,,2024-07-23T20:57:05+00:00,Closed,sold,445668,https://juanjoseelizondo.idxbroker.com/idx/details/listing/d337/445668/2508-Buddy-Owens-Avenue-McAllen-TX?widgetReferer=true,IDX-juanjoseelizondo,220000,3/21/2025,89.76
land,2208 Primrose Avenue N,McAllen,TX,78504,International Center,Commercial Sale,Commercial,1980,0.072,3148,1620,,0,175000,,11/15/2023,,2023-09-19T00:00:00+00:00,Closed,sold,414180,https://juanjoseelizondo.idxbroker.com/idx/details/listing/d337/414180/2208-Primrose-Avenue-N-McAllen-TX?widgetReferer=true,IDX-juanjoseelizondo,175000,11/15/2023,55.59
land,2526 Buddy Owens Boulevard,McAllen,TX,78504,Hacienda Plaza Condominiums,Commercial Sale,Commercial,2005,0.084,3676,1950,,0,250000,,7/07/2023,,2023-04-24T00:00:00+00:00,Closed,sold,403373,https://juanjoseelizondo.idxbroker.com/idx/details/listing/d337/403373/2526-Buddy-Owens-Boulevard-McAllen-TX?widgetReferer=true,IDX-juanjoseelizondo,250000,7/07/2023,68.01
land,115 S 17th Street,McAllen,TX,78501,Mcallen Addition,Commercial Sale,Commercial,1970,0.08,3500,2135,,0,200000,,9/04/2025,,2025-06-12T03:44:10+00:00,Closed,sold,473528,https://juanjoseelizondo.idxbroker.com/idx/details/listing/d337/473528/115-S-17th-Street-McAllen-TX?widgetReferer=true,IDX-juanjoseelizondo,200000,9/04/2025,57.14
land,4209 N 22nd Street,McAllen,TX,78501,International Center,Commercial Sale,Commercial,1984,0.086,3750,1640,,0,260000,,5/28/2025,,2024-10-04T23:30:50+00:00,Closed,sold,450879,https://juanjoseelizondo.idxbroker.com/idx/details/listing/d337/450879/4209-N-22nd-Street-McAllen-TX?widgetReferer=true,IDX-juanjoseelizondo,260000,5/28/2025,69.33
land,9 S Main Street,McAllen,TX,78501,Mcallen,Commercial Sale,Commercial,1976,0.08,3500,3500,,0,302000,,3/07/2025,,2024-07-26T22:50:55+00:00,Closed,sold,445912,https://juanjoseelizondo.idxbroker.com/idx/details/listing/d337/445912/9-S-Main-Street-McAllen-TX?widgetReferer=true,IDX-juanjoseelizondo,302000,3/07/2025,86.29
land,306 17th Street,McAllen,TX,78501,Mcallen Addition,Commercial Sale,Commercial,1971,0.084,3642,1560,,0,170000,,1/27/2025,,2025-02-05T20:22:09+00:00,Closed,sold,414964,https://juanjoseelizondo.idxbroker.com/idx/details/listing/d337/414964/306-17th-Street-McAllen-TX?widgetReferer=true,IDX-juanjoseelizondo,170000,1/27/2025,46.68
land,424 S Main Street,McAllen,TX,78501,Downtown Project Sml,Commercial Sale,Commercial,1977,0.08,3497,2972,,0,312000,,1/03/2025,,2024-11-27T18:33:25+00:00,Closed,sold,455556,https://juanjoseelizondo.idxbroker.com/idx/details/listing/d337/455556/424-S-Main-Street-McAllen-TX?widgetReferer=true,IDX-juanjoseelizondo,312000,1/03/2025,89.22
land,3911 N 10th Street M,McAllen,TX,78501,French Quarter Condominium,Commercial Sale,Commercial,2004,0.05,2181,736,,0,100000,,9/27/2024,,2024-04-15T23:31:16+00:00,Closed,sold,433706,https://juanjoseelizondo.idxbroker.com/idx/details/listing/d337/433706/3911-N-10th-Street-M-McAllen-TX?widgetReferer=true,IDX-juanjoseelizondo,100000,9/27/2024,45.85
land,801 N Ware Road,McAllen,TX,78501,Villa Bonita #1,Commercial Sale,Commercial,2009,0.044,1920,3000,,0,365000,,9/25/2024,,2024-07-12T16:36:16+00:00,Closed,sold,442651,https://juanjoseelizondo.idxbroker.com/idx/details/listing/d337/442651/801-N-Ware-Road-McAllen-TX?widgetReferer=true,IDX-juanjoseelizondo,365000,9/25/2024,190.1
land,508 W Expressway 83 508,McAllen,TX,78501,O & E Commercial Condominiums,Commercial Sale,Commercial,1987,0.09,3909,2047,,0,498000,,6/10/2024,,2022-12-09T00:00:00+00:00,Closed,sold,395003,https://juanjoseelizondo.idxbroker.com/idx/details/listing/d337/395003/508-W-Expressway-83-508-McAllen-TX?widgetReferer=true,IDX-juanjoseelizondo,498000,6/10/2024,127.4
land,116 N 12th Street,McAllen,TX,78501,North Mcallen,Commercial Sale,Commercial,1974,0.114,4970,1434,,0,130500,,3/01/2024,,2024-02-12T00:00:00+00:00,Closed,sold,427234,https://juanjoseelizondo.idxbroker.com/idx/details/listing/d337/427234/116-N-12th-Street-McAllen-TX?widgetReferer=true,IDX-juanjoseelizondo,130500,3/01/2024,26.26
land,1501 Galveston Avenue,McAllen,TX,78501,Mcallen Addition,Commercial Sale,Commercial,1999,0.126,5499,0,,0,125000,,2/13/2024,,2023-08-02T00:00:00+00:00,Closed,sold,411174,https://juanjoseelizondo.idxbroker.com/idx/details/listing/d337/411174/1501-Galveston-Avenue-McAllen-TX?widgetReferer=true,IDX-juanjoseelizondo,125000,2/13/2024,22.73
land,109 W US Highway 83,McAllen,TX,78501,Cathay Courts,Commercial Sale,Commercial,2009,0.069,2983,1627,,0,320000,,5/12/2023,,2023-03-13T00:00:00+00:00,Closed,sold,399910,https://juanjoseelizondo.idxbroker.com/idx/details/listing/d337/399910/109-W-US-Highway-83-McAllen-TX?widgetReferer=true,IDX-juanjoseelizondo,320000,5/12/2023,107.27
land,215 S 17th Street,McAllen,TX,78501,Mcallen Addition,Commercial Sale,Commercial,2004,0.097,4203,2940,,0,475000,,,,2026-02-06T20:39:00+00:00,Active,active,494188,https://juanjoseelizondo.idxbroker.com/idx/details/listing/d337/494188/215-S-17th-Street-McAllen-TX?widgetReferer=true,IDX-juanjoseelizondo,475000,2026-02-06,113.01
land,325 S 17th Street,McAllen,TX,78501,Mcallen Addition,Commercial Sale,Commercial,1960,0.08,3484,1968,,0,235000,,,,2025-10-28T18:38:55+00:00,Active,active,483523,https://juanjoseelizondo.idxbroker.com/idx/details/listing/d337/483523/325-S-17th-Street-McAllen-TX?widgetReferer=true,IDX-juanjoseelizondo,235000,2025-10-28,67.45
land,201 S 17th Street,McAllen,TX,78501,Mcallen Addition,Commercial Sale,Commercial,1977,0.08,3497,6802,,0,699000,,,,2025-09-08T20:26:38+00:00,Active,active,480417,https://juanjoseelizondo.idxbroker.com/idx/details/listing/d337/480417/201-S-17th-Street-McAllen-TX?widgetReferer=true,IDX-juanjoseelizondo,699000,2025-09-08,199.89
land,314 S 17th Street,McAllen,TX,78501,Downtown Project Sml,Commercial Sale,Commercial,1970,0.08,3500,5030,,0,250000,,,,2025-03-12T23:39:08+00:00,Active,active,465122,https://juanjoseelizondo.idxbroker.com/idx/details/listing/d337/465122/314-S-17th-Street-McAllen-TX?widgetReferer=true,IDX-juanjoseelizondo,250000,2025-03-12,71.43
land,323 S Broadway Street,McAllen,TX,78501,Mcallen Addition,Commercial Sale,Commercial,1966,0.107,4652,5800,,0,575000,,,,2025-01-02T18:29:29+00:00,Active,active,457569,https://juanjoseelizondo.idxbroker.com/idx/details/listing/d337/457569/323-S-Broadway-Street-McAllen-TX?widgetReferer=true,IDX-juanjoseelizondo,575000,2025-01-02,123.6
land,19 S Main Street,McAllen,TX,78501,Mcallen Addition,Commercial Sale,Commercial,1972,0.08,3497,3330,,0,399995,,,,2024-07-08T00:00:00+00:00,Active,active,443574,https://juanjoseelizondo.idxbroker.com/idx/details/listing/d337/443574/19-S-Main-Street-McAllen-TX?widgetReferer=true,IDX-juanjoseelizondo,399995,2024-07-08,114.38
land,214 S 17th Street,McAllen,TX,78501,Downtown Project Sml,Commercial Sale,Commercial,1979,0.08,3500,2039,,0,380000,,,,2024-05-15T21:35:06+00:00,Active,active,437765,https://juanjoseelizondo.idxbroker.com/idx/details/listing/d337/437765/214-S-17th-Street-McAllen-TX?widgetReferer=true,IDX-juanjoseelizondo,380000,2024-05-15,108.57
land,2015 N Conway Avenue,Mission,TX,78572,Conway Plaza,Commercial Sale,Commercial,1996,0.095,4149,1450,,0,208000,,2/19/2025,,2024-12-22T17:11:27+00:00,Closed,sold,457238,https://juanjoseelizondo.idxbroker.com/idx/details/listing/d337/457238/2015-N-Conway-Avenue-Mission-TX?widgetReferer=true,IDX-juanjoseelizondo,208000,2/19/2025,50.13
land,2210 E Expressway 83 Highway K,Mission,TX,78572,Barton Creek Pavilion Condominium,Commercial Sale,Commercial,2016,0.111,4839,1300,,0,225000,,9/27/2024,,2024-07-18T01:57:08+00:00,Closed,sold,443639,https://juanjoseelizondo.idxbroker.com/idx/details/listing/d337/443639/2210-E-Expressway-83-Highway-K-Mission-TX?widgetReferer=true,IDX-juanjoseelizondo,225000,9/27/2024,46.5
land,2210 E Expressway 83 Highway J,Mission,TX,78572,Barton Creek Pavilion Condominium,Commercial Sale,Commercial,2016,0.111,4839,1300,,0,225000,,7/31/2024,,2023-02-08T22:07:44+00:00,Closed,sold,398076,https://juanjoseelizondo.idxbroker.com/idx/details/listing/d337/398076/2210-E-Expressway-83-Highway-J-Mission-TX?widgetReferer=true,IDX-juanjoseelizondo,225000,7/31/2024,46.5
land,100 S Dunlap Avenue,Mission,TX,78572,Leal #1,Commercial Sale,Commercial,1940,0.108,4700,3884,,0,125000,,7/12/2024,,2023-10-09T00:00:00+00:00,Closed,sold,414992,https://juanjoseelizondo.idxbroker.com/idx/details/listing/d337/414992/100-S-Dunlap-Avenue-Mission-TX?widgetReferer=true,IDX-juanjoseelizondo,125000,7/12/2024,26.6
land,2400 Brock Street 23,Mission,TX,78572,Shary Business Center Condos,Commercial Sale,Commercial,2000,0.103,4477,2156,,0,210000,,11/03/2023,,2023-08-16T00:00:00+00:00,Closed,sold,412022,https://juanjoseelizondo.idxbroker.com/idx/details/listing/d337/412022/2400-Brock-Street-23-Mission-TX?widgetReferer=true,IDX-juanjoseelizondo,210000,11/03/2023,46.91
land,805 San Antonio Avenue,Mission,TX,78572,Harmony Mobile,Commercial Sale,Commercial,1992,0.115,4999,1092,,0,160000,,9/15/2023,,2023-05-29T00:00:00+00:00,Closed,sold,406400,https://juanjoseelizondo.idxbroker.com/idx/details/listing/d337/406400/805-San-Antonio-Avenue-Mission-TX?widgetReferer=true,IDX-juanjoseelizondo,160000,9/15/2023,32.01
land,823 Perkins Avenue,Mission,TX,78572,Greenlawn Terrace,Commercial Sale,Commercial,2025,0.057,2482,1200,,0,185000,,,,2025-09-19T20:33:48+00:00,Active,active,481333,https://juanjoseelizondo.idxbroker.com/idx/details/listing/d337/481333/823-Perkins-Avenue-Mission-TX?widgetReferer=true,IDX-juanjoseelizondo,185000,2025-09-19,74.54
land,6620 S Cage Boulevard,Pharr,TX,78577,Evans,Commercial Sale,Commercial,2016,0.101,4399,800,,0,175000,,2/07/2025,,2024-07-02T21:59:38+00:00,Closed,sold,439642,https://juanjoseelizondo.idxbroker.com/idx/details/listing/d337/439642/6620-S-Cage-Boulevard-Pharr-TX?widgetReferer=true,IDX-juanjoseelizondo,175000,2/07/2025,39.78
land,231 E Park Avenue,Pharr,TX,78577,Lettered Blks (Pharr),Commercial Sale,Commercial,1990,0.124,5401,8333,,0,154900,,12/11/2024,,2024-08-21T21:41:35+00:00,Closed,sold,447290,https://juanjoseelizondo.idxbroker.com/idx/details/listing/d337/447290/231-E-Park-Avenue-Pharr-TX?widgetReferer=true,IDX-juanjoseelizondo,154900,12/11/2024,28.68
land,301 W Clark Avenue,Pharr,TX,78577,Pharr Original Townsite,Commercial Sale,Commercial,1968,0.115,4999,2207,,0,120000,,9/06/2024,,2024-04-16T00:00:00+00:00,Closed,sold,433733,https://juanjoseelizondo.idxbroker.com/idx/details/listing/d337/433733/301-W-Clark-Avenue-Pharr-TX?widgetReferer=true,IDX-juanjoseelizondo,120000,9/06/2024,24.0
land,616 S Nebraska Avenue,San Juan,TX,78589,San Juan Original Townsite,Commercial Sale,Commercial,1980,0.075,3250,1196,,0,90000,,12/19/2024,,2024-10-15T18:40:06+00:00,Closed,sold,451520,https://juanjoseelizondo.idxbroker.com/idx/details/listing/d337/451520/616-S-Nebraska-Avenue-San-Juan-TX?widgetReferer=true,IDX-juanjoseelizondo,90000,12/19/2024,27.69
land,614 S Nebraska Avenue,San Juan,TX,78589,San Juan Original Townsite,Commercial Sale,Commercial,1987,0.08,3497,750,,0,135000,,,,2025-12-03T17:34:00+00:00,Active,active,488216,https://juanjoseelizondo.idxbroker.com/idx/details/listing/d337/488216/614-S-Nebraska-Avenue-San-Juan-TX?widgetReferer=true,IDX-juanjoseelizondo,135000,2025-12-03,38.6
land,702 E Expressway 83 Highway A6,Donna,TX,78537,New Donna Plaza North,Commercial Sale,Commercial,2008,0.076,3317,3318,,0,497700,,,,2025-10-08T21:57:28+00:00,Active,active,482888,https://juanjoseelizondo.idxbroker.com/idx/details/listing/d337/482888/702-E-Expressway-83-Highway-A6-Donna-TX?widgetReferer=true,IDX-juanjoseelizondo,497700,2025-10-08,150.05
land,2501 W Military Highway C9,McAllen,TX,78503,Mcallen Produce Terminal Market Condos,Commercial Sale,Commercial,1993,0.106,4634,1412,,0,465000,,10/10/2024,,2024-03-19T00:00:00+00:00,Closed,sold,430768,https://juanjoseelizondo.idxbroker.com/idx/details/listing/d337/430768/2501-W-Military-Highway-C9-McAllen-TX?widgetReferer=true,IDX-juanjoseelizondo,465000,10/10/2024,100.35
land,110 E Savannah Avenue 202,McAllen,TX,78503,South Texas Specialist Center,Commercial Sale,Commercial,1986,0.113,4907,1998,,0,250000,,9/08/2023,,2023-07-26T00:00:00+00:00,Closed,sold,410803,https://juanjoseelizondo.idxbroker.com/idx/details/listing/d337/410803/110-E-Savannah-Avenue-202-McAllen-TX?widgetReferer=true,IDX-juanjoseelizondo,250000,9/08/2023,50.95
